state,year,cases,health_index_2019_20,gdp_pc,seci_score,pop_2011,urban_pct_2011,density_2011,incidence_per_100k
ANDAMAN AND NICOBAR,2015,153,49.85,258151.0,29.4,380581.0,37.7,46.0,40.20169162412206
ANDAMAN AND NICOBAR,2016,92,49.85,258151.0,29.4,380581.0,37.7,46.0,24.173566205354444
ANDAMAN AND NICOBAR,2017,18,49.85,258151.0,29.4,380581.0,37.7,46.0,4.729610779308478
ANDAMAN AND NICOBAR,2018,49,49.85,258151.0,29.4,380581.0,37.7,46.0,12.875051565895301
ANDAMAN AND NICOBAR,2019,168,49.85,258151.0,29.4,380581.0,37.7,46.0,44.14303394021246
ANDAMAN AND NICOBAR,2020,98,49.85,258151.0,29.4,380581.0,37.7,46.0,25.750103131790603
ANDAMAN AND NICOBAR,2021,175,49.85,258151.0,29.4,380581.0,37.7,46.0,45.98232702105465
ANDAMAN AND NICOBAR,2022,1014,49.85,258151.0,29.4,380581.0,37.7,46.0,266.43474056771095
ANDAMAN AND NICOBAR,2023,846,49.85,258151.0,29.4,380581.0,37.7,46.0,222.29170662749848
ANDAMAN AND NICOBAR,2024,59,49.85,258151.0,29.4,380581.0,37.7,46.0,15.502613109955567
ANDHRA PRADESH,2015,3159,31.0,219881.0,41.6,49577103.0,29.47,303.0,6.371893089436872
ANDHRA PRADESH,2016,3417,31.0,219881.0,41.6,49577103.0,29.47,303.0,6.892294614310159
ANDHRA PRADESH,2017,4925,31.0,219881.0,41.6,49577103.0,29.47,303.0,9.93402135659278
ANDHRA PRADESH,2018,4011,31.0,219881.0,41.6,49577103.0,29.47,303.0,8.090428357623075
ANDHRA PRADESH,2019,5286,31.0,219881.0,41.6,49577103.0,29.47,303.0,10.662180079380596
ANDHRA PRADESH,2020,925,31.0,219881.0,41.6,49577103.0,29.47,303.0,1.865780660882908
ANDHRA PRADESH,2021,4760,31.0,219881.0,41.6,49577103.0,29.47,303.0,9.601206427894748
ANDHRA PRADESH,2022,6391,31.0,219881.0,41.6,49577103.0,29.47,303.0,12.89103157157045
ANDHRA PRADESH,2023,6453,31.0,219881.0,41.6,49577103.0,29.47,303.0,13.016089302353953
ANDHRA PRADESH,2024,5555,31.0,219881.0,41.6,49577103.0,29.47,303.0,11.204769266167085
ARUNACHAL PRADESH,2015,1933,55.53,199992.0,27.0,1383727.0,22.94,17.0,139.69518553876594
ARUNACHAL PRADESH,2016,13,55.53,199992.0,27.0,1383727.0,22.94,17.0,0.9394916771877689
ARUNACHAL PRADESH,2017,18,55.53,199992.0,27.0,1383727.0,22.94,17.0,1.3008346299522955
ARUNACHAL PRADESH,2018,1,55.53,199992.0,27.0,1383727.0,22.94,17.0,0.0722685905529053
ARUNACHAL PRADESH,2019,123,55.53,199992.0,27.0,1383727.0,22.94,17.0,8.889036638007353
ARUNACHAL PRADESH,2020,1,55.53,199992.0,27.0,1383727.0,22.94,17.0,0.0722685905529053
ARUNACHAL PRADESH,2021,7,55.53,199992.0,27.0,1383727.0,22.94,17.0,0.5058801338703371
ARUNACHAL PRADESH,2022,114,55.53,199992.0,27.0,1383727.0,22.94,17.0,8.238619323031205
ARUNACHAL PRADESH,2023,130,55.53,199992.0,27.0,1383727.0,22.94,17.0,9.39491677187769
ARUNACHAL PRADESH,2024,20,55.53,199992.0,27.0,1383727.0,22.94,17.0,1.4453718110581062
ASSAM,2015,1076,63.59,119308.0,42.6,31205576.0,14.1,398.0,3.4481017110531784
ASSAM,2016,6157,63.59,119308.0,42.6,31205576.0,14.1,398.0,19.73044817374946
ASSAM,2017,5024,63.59,119308.0,42.6,31205576.0,14.1,398.0,16.09968679956428
ASSAM,2018,166,63.59,119308.0,42.6,31205576.0,14.1,398.0,0.5319562119282785
ASSAM,2019,196,63.59,119308.0,42.6,31205576.0,14.1,398.0,0.6280928767345938
ASSAM,2020,33,63.59,119308.0,42.6,31205576.0,14.1,398.0,0.10575033128694691
ASSAM,2021,103,63.59,119308.0,42.6,31205576.0,14.1,398.0,0.33006921583501614
ASSAM,2022,1826,63.59,119308.0,42.6,31205576.0,14.1,398.0,5.851518331211063
ASSAM,2023,8208,63.59,119308.0,42.6,31205576.0,14.1,398.0,26.302991491007887
ASSAM,2024,2271,63.59,119308.0,42.6,31205576.0,14.1,398.0,7.277545525838074
BIHAR,2015,1771,72.42,60637.0,38.3,104099452.0,11.29,1102.0,1.7012577549399588
BIHAR,2016,1912,72.42,60637.0,38.3,104099452.0,11.29,1102.0,1.836705153836929
BIHAR,2017,1854,72.42,60637.0,38.3,104099452.0,11.29,1102.0,1.780989202517608
BIHAR,2018,2142,72.42,60637.0,38.3,104099452.0,11.29,1102.0,2.057647719413547
BIHAR,2019,6712,72.42,60637.0,38.3,104099452.0,11.29,1102.0,6.447680435435914
BIHAR,2020,493,72.42,60637.0,38.3,104099452.0,11.29,1102.0,0.4735855862142291
BIHAR,2021,633,72.42,60637.0,38.3,104099452.0,11.29,1102.0,0.6080723652608662
BIHAR,2022,13972,72.42,60637.0,38.3,104099452.0,11.29,1102.0,13.421780548854379
BIHAR,2023,20224,72.42,60637.0,38.3,104099452.0,11.29,1102.0,19.427575853137057
BIHAR,2024,10157,72.42,60637.0,38.3,104099452.0,11.29,1102.0,9.75701581983352
CHANDIGARH,2015,966,47.0,399654.0,55.7,1055450.0,97.25,9252.0,91.52494196788099
CHANDIGARH,2016,1246,47.0,399654.0,55.7,1055450.0,97.25,9252.0,118.0539106542233
CHANDIGARH,2017,1125,47.0,399654.0,55.7,1055450.0,97.25,9252.0,106.58960632905395
CHANDIGARH,2018,301,47.0,399654.0,55.7,1055450.0,97.25,9252.0,28.51864133781799
CHANDIGARH,2019,286,47.0,399654.0,55.7,1055450.0,97.25,9252.0,27.097446586763937
CHANDIGARH,2020,265,47.0,399654.0,55.7,1055450.0,97.25,9252.0,25.107773935288265
CHANDIGARH,2021,1596,47.0,399654.0,55.7,1055450.0,97.25,9252.0,151.2151215121512
CHANDIGARH,2022,910,47.0,399654.0,55.7,1055450.0,97.25,9252.0,86.21914823061253
CHANDIGARH,2023,454,47.0,399654.0,55.7,1055450.0,97.25,9252.0,43.01482779856933
CHANDIGARH,2024,349,47.0,399654.0,55.7,1055450.0,97.25,9252.0,33.06646454119096
CHHATTISGARH,2015,384,63.17,137329.0,31.7,25545198.0,23.24,189.0,1.503217943348883
CHHATTISGARH,2016,356,63.17,137329.0,31.7,25545198.0,23.24,189.0,1.3936083016463603
CHHATTISGARH,2017,444,63.17,137329.0,31.7,25545198.0,23.24,189.0,1.738095746997146
CHHATTISGARH,2018,2674,63.17,137329.0,31.7,25545198.0,23.24,189.0,10.46772078259092
CHHATTISGARH,2019,722,63.17,137329.0,31.7,25545198.0,23.24,189.0,2.8263629039007645
CHHATTISGARH,2020,57,63.17,137329.0,31.7,25545198.0,23.24,189.0,0.22313391346584982
CHHATTISGARH,2021,1086,63.17,137329.0,31.7,25545198.0,23.24,189.0,4.25128824603356
CHHATTISGARH,2022,2679,63.17,137329.0,31.7,25545198.0,23.24,189.0,10.487293932894943
CHHATTISGARH,2023,2412,63.17,137329.0,31.7,25545198.0,23.24,189.0,9.442087706660171
CHHATTISGARH,2024,3523,63.17,137329.0,31.7,25545198.0,23.24,189.0,13.791241704213842
DADRA AND NAGAR HAVELI,2015,1154,50.83,,53.2,585764.0,58.43,970.0,197.0076686173954
DADRA AND NAGAR HAVELI,2016,4161,50.83,,53.2,585764.0,58.43,970.0,710.3543406559638
DADRA AND NAGAR HAVELI,2017,2064,50.83,,53.2,585764.0,58.43,970.0,352.36033624463096
DADRA AND NAGAR HAVELI,2018,493,50.83,,53.2,585764.0,58.43,970.0,84.16358806618365
DADRA AND NAGAR HAVELI,2019,1491,50.83,,53.2,585764.0,58.43,970.0,254.53937080462438
DADRA AND NAGAR HAVELI,2020,248,50.83,,53.2,585764.0,58.43,970.0,42.33786985885101
DADRA AND NAGAR HAVELI,2021,547,50.83,,53.2,585764.0,58.43,970.0,93.38231779351412
DADRA AND NAGAR HAVELI,2022,685,50.83,,53.2,585764.0,58.43,970.0,116.94129376335863
DADRA AND NAGAR HAVELI,2023,1178,50.83,,53.2,585764.0,58.43,970.0,201.10488182954228
DADRA AND NAGAR HAVELI,2024,403,50.83,,53.2,585764.0,58.43,970.0,68.79903852063288
DAMAN AND DIU,2015,165,,,,,,,
DAMAN AND DIU,2016,89,,,,,,,
DAMAN AND DIU,2017,59,,,,,,,
DAMAN AND DIU,2018,163,,,,,,,
DAMAN AND DIU,2019,625,,,,,,,
DAMAN AND DIU,2020,71,,,,,,,
DAMAN AND DIU,2021,279,,,,,,,
DAMAN AND DIU,2022,228,,,,,,,
DAMAN AND DIU,2023,284,,,,,,,
DAMAN AND DIU,2024,278,,,,,,,
DELHI,2015,15867,51.88,430120.0,55.6,16787941.0,97.5,11297.0,94.5142706898958
DELHI,2016,4431,51.88,430120.0,55.6,16787941.0,97.5,11297.0,26.393945511245242
DELHI,2017,9271,51.88,430120.0,55.6,16787941.0,97.5,11297.0,55.22416358265733
DELHI,2018,7136,51.88,430120.0,55.6,16787941.0,97.5,11297.0,42.50670168545386
DELHI,2019,5077,51.88,430120.0,55.6,16787941.0,97.5,11297.0,30.241945691851072
DELHI,2020,1269,51.88,430120.0,55.6,16787941.0,97.5,11297.0,7.558997258806187
DELHI,2021,13089,51.88,430120.0,55.6,16787941.0,97.5,11297.0,77.96667858196547
DELHI,2022,10183,51.88,430120.0,55.6,16787941.0,97.5,11297.0,60.65663442586556
DELHI,2023,16866,51.88,430120.0,55.6,16787941.0,97.5,11297.0,100.46497065959429
DELHI,2024,10585,51.88,430120.0,55.6,16787941.0,97.5,11297.0,63.05121038964814
GOA,2015,293,34.26,492648.0,51.4,1458545.0,62.17,394.0,20.088512867275263
GOA,2016,150,34.26,492648.0,51.4,1458545.0,62.17,394.0,10.284221604407131
GOA,2017,235,34.26,492648.0,51.4,1458545.0,62.17,394.0,16.11194718023784
GOA,2018,335,34.26,492648.0,51.4,1458545.0,62.17,394.0,22.968094916509262
GOA,2019,992,34.26,492648.0,51.4,1458545.0,62.17,394.0,68.0129855438125
GOA,2020,376,34.26,492648.0,51.4,1458545.0,62.17,394.0,25.779115488380544
GOA,2021,649,34.26,492648.0,51.4,1458545.0,62.17,394.0,44.49639880840152
GOA,2022,443,34.26,492648.0,51.4,1458545.0,62.17,394.0,30.372734471682396
GOA,2023,512,34.26,492648.0,51.4,1458545.0,62.17,394.0,35.10347640970968
GOA,2024,567,34.26,492648.0,51.4,1458545.0,62.17,394.0,38.87435766465896
GUJARAT,2015,5590,44.21,272451.0,50.1,60439692.0,42.6,308.0,9.248888958600253
GUJARAT,2016,8028,44.21,272451.0,50.1,60439692.0,42.6,308.0,13.282661996358287
GUJARAT,2017,4753,44.21,272451.0,50.1,60439692.0,42.6,308.0,7.864037427589802
GUJARAT,2018,7579,44.21,272451.0,50.1,60439692.0,42.6,308.0,12.53977270433476
GUJARAT,2019,18219,44.21,272451.0,50.1,60439692.0,42.6,308.0,30.144098020883362
GUJARAT,2020,1564,44.21,272451.0,50.1,60439692.0,42.6,308.0,2.5877034581843996
GUJARAT,2021,10983,44.21,272451.0,50.1,60439692.0,42.6,308.0,18.171833172147867
GUJARAT,2022,6682,44.21,272451.0,50.1,60439692.0,42.6,308.0,11.055648662140767
GUJARAT,2023,7222,44.21,272451.0,50.1,60439692.0,42.6,308.0,11.949101262792668
GUJARAT,2024,7891,44.21,272451.0,50.1,60439692.0,42.6,308.0,13.055989762489192
HARYANA,2015,9921,44.31,296592.0,47.9,25351462.0,34.88,573.0,39.13383772501957
HARYANA,2016,2493,44.31,296592.0,47.9,25351462.0,34.88,573.0,9.833752388718253
HARYANA,2017,4550,44.31,296592.0,47.9,25351462.0,34.88,573.0,17.947682859473744
HARYANA,2018,1898,44.31,296592.0,47.9,25351462.0,34.88,573.0,7.486747707094763
HARYANA,2019,1207,44.31,296592.0,47.9,25351462.0,34.88,573.0,4.761066639864794
HARYANA,2020,1377,44.31,296592.0,47.9,25351462.0,34.88,573.0,5.431639406042933
HARYANA,2021,11835,44.31,296592.0,47.9,25351462.0,34.88,573.0,46.68369816304874
HARYANA,2022,8996,44.31,296592.0,47.9,25351462.0,34.88,573.0,35.4851329678738
HARYANA,2023,8081,44.31,296592.0,47.9,25351462.0,34.88,573.0,31.87587366756205
HARYANA,2024,6469,44.31,296592.0,47.9,25351462.0,34.88,573.0,25.517266025919923
HIMACHAL PRADESH,2015,19,69.96,218788.0,45.4,6864602.0,10.03,123.0,0.2767822519062285
HIMACHAL PRADESH,2016,322,69.96,218788.0,45.4,6864602.0,10.03,123.0,4.690730795463452
HIMACHAL PRADESH,2017,452,69.96,218788.0,45.4,6864602.0,10.03,123.0,6.584504097979752
HIMACHAL PRADESH,2018,4672,69.96,218788.0,45.4,6864602.0,10.03,123.0,68.05929899504736
HIMACHAL PRADESH,2019,344,69.96,218788.0,45.4,6864602.0,10.03,123.0,5.01121550819698
HIMACHAL PRADESH,2020,21,69.96,218788.0,45.4,6864602.0,10.03,123.0,0.3059172257910947
HIMACHAL PRADESH,2021,349,69.96,218788.0,45.4,6864602.0,10.03,123.0,5.084052942909145
HIMACHAL PRADESH,2022,3326,69.96,218788.0,45.4,6864602.0,10.03,123.0,48.45146157053242
HIMACHAL PRADESH,2023,1989,69.96,218788.0,45.4,6864602.0,10.03,123.0,28.974731528499397
HIMACHAL PRADESH,2024,3359,69.96,218788.0,45.4,6864602.0,10.03,123.0,48.93218863963272
JAMMU AND KASHMIR,2015,153,44.74,130492.0,29.3,12267032.0,26.11,297.0,1.247245462472096
JAMMU AND KASHMIR,2016,79,44.74,130492.0,29.3,12267032.0,26.11,297.0,0.6440025590542194
JAMMU AND KASHMIR,2017,488,44.74,130492.0,29.3,12267032.0,26.11,297.0,3.978142390107077
JAMMU AND KASHMIR,2018,214,44.74,130492.0,29.3,12267032.0,26.11,297.0,1.7445132612354806
JAMMU AND KASHMIR,2019,439,44.74,130492.0,29.3,12267032.0,26.11,297.0,3.5786977648709155
JAMMU AND KASHMIR,2020,53,44.74,130492.0,29.3,12267032.0,26.11,297.0,0.4320523497452358
JAMMU AND KASHMIR,2021,1709,44.74,130492.0,29.3,12267032.0,26.11,297.0,13.931650296502038
JAMMU AND KASHMIR,2022,8269,44.74,130492.0,29.3,12267032.0,26.11,297.0,67.40831849138407
JAMMU AND KASHMIR,2023,6403,44.74,130492.0,29.3,12267032.0,26.11,297.0,52.19681500790085
JAMMU AND KASHMIR,2024,6876,44.74,130492.0,29.3,12267032.0,26.11,297.0,56.0526784310989
JHARKHAND,2015,102,36.72,99288.0,35.2,32988134.0,24.05,414.0,0.3092020906669046
JHARKHAND,2016,414,36.72,99288.0,35.2,32988134.0,24.05,414.0,1.2549967209421424
JHARKHAND,2017,710,36.72,99288.0,35.2,32988134.0,24.05,414.0,2.1522890624853166
JHARKHAND,2018,463,36.72,99288.0,35.2,32988134.0,24.05,414.0,1.4035349801840866
JHARKHAND,2019,825,36.72,99288.0,35.2,32988134.0,24.05,414.0,2.500899262747023
JHARKHAND,2020,79,36.72,99288.0,35.2,32988134.0,24.05,414.0,0.2394800506145634
JHARKHAND,2021,220,36.72,99288.0,35.2,32988134.0,24.05,414.0,0.6669064700658728
JHARKHAND,2022,290,36.72,99288.0,35.2,32988134.0,24.05,414.0,0.8791039832686505
JHARKHAND,2023,2578,36.72,99288.0,35.2,32988134.0,24.05,414.0,7.814931271953727
JHARKHAND,2024,1528,36.72,99288.0,35.2,32988134.0,24.05,414.0,4.6319685739120615
KARNATAKA,2015,5077,49.26,304474.0,43.8,61095297.0,38.67,319.0,8.309968605275786
KARNATAKA,2016,6083,49.26,304474.0,43.8,61095297.0,38.67,319.0,9.956576526667838
KARNATAKA,2017,17844,49.26,304474.0,43.8,61095297.0,38.67,319.0,29.206830764731365
KARNATAKA,2018,4427,49.26,304474.0,43.8,61095297.0,38.67,319.0,7.246056926443945
KARNATAKA,2019,16986,49.26,304474.0,43.8,61095297.0,38.67,319.0,27.802467348673332
KARNATAKA,2020,3823,49.26,304474.0,43.8,61095297.0,38.67,319.0,6.2574374587294335
KARNATAKA,2021,7393,49.26,304474.0,43.8,61095297.0,38.67,319.0,12.10076775631355
KARNATAKA,2022,9889,49.26,304474.0,43.8,61095297.0,38.67,319.0,16.186188603027823
KARNATAKA,2023,19300,49.26,304474.0,43.8,61095297.0,38.67,319.0,31.58999292531469
KARNATAKA,2024,32886,49.26,304474.0,43.8,61095297.0,38.67,319.0,53.82738380009839
KERALA,2015,4075,82.2,252662.0,49.1,33406061.0,47.7,859.0,12.198385197225138
KERALA,2016,7439,82.2,252662.0,49.1,33406061.0,47.7,859.0,22.268414106050994
KERALA,2017,19994,82.2,252662.0,49.1,33406061.0,47.7,859.0,59.85141438854464
KERALA,2018,4083,82.2,252662.0,49.1,33406061.0,47.7,859.0,12.22233294730558
KERALA,2019,4652,82.2,252662.0,49.1,33406061.0,47.7,859.0,13.925616671777016
KERALA,2020,4399,82.2,252662.0,49.1,33406061.0,47.7,859.0,13.168269075483039
KERALA,2021,3251,82.2,252662.0,49.1,33406061.0,47.7,859.0,9.731766938939613
KERALA,2022,4432,82.2,252662.0,49.1,33406061.0,47.7,859.0,13.267053544564861
KERALA,2023,17426,82.2,252662.0,49.1,33406061.0,47.7,859.0,52.164186612722766
KERALA,2024,20674,82.2,252662.0,49.1,33406061.0,47.7,859.0,61.886973145382214
LAKSHADWEEP,2015,0,62.53,,26.9,64473.0,78.07,2013.0,0.0
LAKSHADWEEP,2016,0,62.53,,26.9,64473.0,78.07,2013.0,0.0
LAKSHADWEEP,2017,0,62.53,,26.9,64473.0,78.07,2013.0,0.0
LAKSHADWEEP,2018,0,62.53,,26.9,64473.0,78.07,2013.0,0.0
LAKSHADWEEP,2019,0,62.53,,26.9,64473.0,78.07,2013.0,0.0
LAKSHADWEEP,2020,0,62.53,,26.9,64473.0,78.07,2013.0,0.0
LAKSHADWEEP,2021,1,62.53,,26.9,64473.0,78.07,2013.0,1.5510368681463558
LAKSHADWEEP,2022,67,62.53,,26.9,64473.0,78.07,2013.0,103.91947016580583
LAKSHADWEEP,2023,445,62.53,,26.9,64473.0,78.07,2013.0,690.2114063251283
LAKSHADWEEP,2024,513,62.53,,26.9,64473.0,78.07,2013.0,795.6819133590806
MADHYA PRADESH,2015,2108,47.74,132010.0,32.6,72626809.0,27.63,236.0,2.9025094576301704
MADHYA PRADESH,2016,3150,47.74,132010.0,32.6,72626809.0,27.63,236.0,4.337241362208272
MADHYA PRADESH,2017,2666,47.74,132010.0,32.6,72626809.0,27.63,236.0,3.6708207846499215
MADHYA PRADESH,2018,4506,47.74,132010.0,32.6,72626809.0,27.63,236.0,6.204320500987452
MADHYA PRADESH,2019,4189,47.74,132010.0,32.6,72626809.0,27.63,236.0,5.767842560727128
MADHYA PRADESH,2020,806,47.74,132010.0,32.6,72626809.0,27.63,236.0,1.1097830279174181
MADHYA PRADESH,2021,15592,47.74,132010.0,32.6,72626809.0,27.63,236.0,21.46865629192107
MADHYA PRADESH,2022,3318,47.74,132010.0,32.6,72626809.0,27.63,236.0,4.568560901526046
MADHYA PRADESH,2023,6979,47.74,132010.0,32.6,72626809.0,27.63,236.0,9.609399195825883
MADHYA PRADESH,2024,10224,47.74,132010.0,32.6,72626809.0,27.63,236.0,14.077446249910277
MAHARASHTRA,2015,4936,57.93,252389.0,46.0,112374333.0,45.22,365.0,4.39246211143251
MAHARASHTRA,2016,6792,57.93,252389.0,46.0,112374333.0,45.22,365.0,6.044084817838251
MAHARASHTRA,2017,7829,57.93,252389.0,46.0,112374333.0,45.22,365.0,6.966893409725511
MAHARASHTRA,2018,11011,57.93,252389.0,46.0,112374333.0,45.22,365.0,9.798500872970699
MAHARASHTRA,2019,14907,57.93,252389.0,46.0,112374333.0,45.22,365.0,13.26548474374482
MAHARASHTRA,2020,3356,57.93,252389.0,46.0,112374333.0,45.22,365.0,2.986447091970726
MAHARASHTRA,2021,12720,57.93,252389.0,46.0,112374333.0,45.22,365.0,11.319310789591071
MAHARASHTRA,2022,8578,57.93,252389.0,46.0,112374333.0,45.22,365.0,7.633415719584293
MAHARASHTRA,2023,19034,57.93,252389.0,46.0,112374333.0,45.22,365.0,16.938031569895948
MAHARASHTRA,2024,19385,57.93,252389.0,46.0,112374333.0,45.22,365.0,17.250380476118153
MANIPUR,2015,52,53.68,111853.0,36.0,2570390.0,30.21,122.0,2.023039305319426
MANIPUR,2016,51,53.68,111853.0,36.0,2570390.0,30.21,122.0,1.9841347032940526
MANIPUR,2017,193,53.68,111853.0,36.0,2570390.0,30.21,122.0,7.508588190897101
MANIPUR,2018,14,53.68,111853.0,36.0,2570390.0,30.21,122.0,0.5446644283552301
MANIPUR,2019,359,53.68,111853.0,36.0,2570390.0,30.21,122.0,13.966752127109116
MANIPUR,2020,37,53.68,111853.0,36.0,2570390.0,30.21,122.0,1.4394702749388224
MANIPUR,2021,203,53.68,111853.0,36.0,2570390.0,30.21,122.0,7.897634211150836
MANIPUR,2022,503,53.68,111853.0,36.0,2570390.0,30.21,122.0,19.56901481876291
MANIPUR,2023,2548,53.68,111853.0,36.0,2570390.0,30.21,122.0,99.12892596065188
MANIPUR,2024,2463,53.68,111853.0,36.0,2570390.0,30.21,122.0,95.82203478849513
MEGHALAYA,2015,13,43.05,123896.0,29.4,2966889.0,20.07,132.0,0.4381694091015875
MEGHALAYA,2016,172,43.05,123896.0,29.4,2966889.0,20.07,132.0,5.7973183358056195
MEGHALAYA,2017,52,43.05,123896.0,29.4,2966889.0,20.07,132.0,1.75267763640635
MEGHALAYA,2018,44,43.05,123896.0,29.4,2966889.0,20.07,132.0,1.4830349231130655
MEGHALAYA,2019,82,43.05,123896.0,29.4,2966889.0,20.07,132.0,2.7638378112561677
MEGHALAYA,2020,4,43.05,123896.0,29.4,2966889.0,20.07,132.0,0.13482135664664233
MEGHALAYA,2021,129,43.05,123896.0,29.4,2966889.0,20.07,132.0,4.347988751854214
MEGHALAYA,2022,26,43.05,123896.0,29.4,2966889.0,20.07,132.0,0.876338818203175
MEGHALAYA,2023,114,43.05,123896.0,29.4,2966889.0,20.07,132.0,3.842408664429306
MEGHALAYA,2024,74,43.05,123896.0,29.4,2966889.0,20.07,132.0,2.494195097962883
MIZORAM,2015,43,70.16,215144.0,35.9,1097206.0,52.11,52.0,3.9190452841125545
MIZORAM,2016,580,70.16,215144.0,35.9,1097206.0,52.11,52.0,52.86154104151818
MIZORAM,2017,136,70.16,215144.0,35.9,1097206.0,52.11,52.0,12.395119968355987
MIZORAM,2018,68,70.16,215144.0,35.9,1097206.0,52.11,52.0,6.197559984177993
MIZORAM,2019,42,70.16,215144.0,35.9,1097206.0,52.11,52.0,3.827904696109937
MIZORAM,2020,67,70.16,215144.0,35.9,1097206.0,52.11,52.0,6.106419396175376
MIZORAM,2021,83,70.16,215144.0,35.9,1097206.0,52.11,52.0,7.5646688042172565
MIZORAM,2022,1868,70.16,215144.0,35.9,1097206.0,52.11,52.0,170.2506183888896
MIZORAM,2023,2060,70.16,215144.0,35.9,1097206.0,52.11,52.0,187.74961128539215
MIZORAM,2024,744,70.16,215144.0,35.9,1097206.0,52.11,52.0,67.80859747394746
NAGALAND,2015,21,75.77,145537.0,27.9,1978502.0,28.86,119.0,1.0614090862682979
NAGALAND,2016,142,75.77,145537.0,27.9,1978502.0,28.86,119.0,7.177147154766586
NAGALAND,2017,357,75.77,145537.0,27.9,1978502.0,28.86,119.0,18.043954466561065
NAGALAND,2018,369,75.77,145537.0,27.9,1978502.0,28.86,119.0,18.650473944428665
NAGALAND,2019,8,75.77,145537.0,27.9,1978502.0,28.86,119.0,0.4043463185783992
NAGALAND,2020,1,75.77,145537.0,27.9,1978502.0,28.86,119.0,0.0505432898222999
NAGALAND,2021,24,75.77,145537.0,27.9,1978502.0,28.86,119.0,1.2130389557351977
NAGALAND,2022,154,75.77,145537.0,27.9,1978502.0,28.86,119.0,7.783666632634185
NAGALAND,2023,4943,75.77,145537.0,27.9,1978502.0,28.86,119.0,249.83548159162842
NAGALAND,2024,42,75.77,145537.0,27.9,1978502.0,28.86,119.0,2.1228181725365958
ODISHA,2015,2450,58.08,143768.0,37.1,41974219.0,16.69,269.0,5.8369162270773876
ODISHA,2016,8380,58.08,143768.0,37.1,41974219.0,16.69,269.0,19.964635911391227
ODISHA,2017,4158,58.08,143768.0,37.1,41974219.0,16.69,269.0,9.906080682525625
ODISHA,2018,5198,58.08,143768.0,37.1,41974219.0,16.69,269.0,12.383792060550311
ODISHA,2019,3758,58.08,143768.0,37.1,41974219.0,16.69,269.0,8.953114767900745
ODISHA,2020,496,58.08,143768.0,37.1,41974219.0,16.69,269.0,1.1816777341348508
ODISHA,2021,7548,58.08,143768.0,37.1,41974219.0,16.69,269.0,17.982466808971477
ODISHA,2022,7063,58.08,143768.0,37.1,41974219.0,16.69,269.0,16.826995637488814
ODISHA,2023,12845,58.08,143768.0,37.1,41974219.0,16.69,269.0,30.602117933391447
ODISHA,2024,9892,58.08,143768.0,37.1,41974219.0,16.69,269.0,23.566847068673273
PUDUCHERRY,2015,771,66.19,245180.0,48.5,1247953.0,68.33,2598.0,61.78117284865696
PUDUCHERRY,2016,490,66.19,245180.0,48.5,1247953.0,68.33,2598.0,39.26429921639677
PUDUCHERRY,2017,4568,66.19,245180.0,48.5,1247953.0,68.33,2598.0,366.0394261642866
PUDUCHERRY,2018,592,66.19,245180.0,48.5,1247953.0,68.33,2598.0,47.43768395123855
PUDUCHERRY,2019,2030,66.19,245180.0,48.5,1247953.0,68.33,2598.0,162.66638246792948
PUDUCHERRY,2020,633,66.19,245180.0,48.5,1247953.0,68.33,2598.0,50.72306408975338
PUDUCHERRY,2021,1625,66.19,245180.0,48.5,1247953.0,68.33,2598.0,130.21323719723418
PUDUCHERRY,2022,1673,66.19,245180.0,48.5,1247953.0,68.33,2598.0,134.05953589598326
PUDUCHERRY,2023,2790,66.19,245180.0,48.5,1247953.0,68.33,2598.0,223.56611186478978
PUDUCHERRY,2024,2128,66.19,245180.0,48.5,1247953.0,68.33,2598.0,170.51924231120884
PUNJAB,2015,14128,69.95,181678.0,48.6,27743338.0,37.48,551.0,50.923937126815815
PUNJAB,2016,10439,69.95,181678.0,48.6,27743338.0,37.48,551.0,37.627051222170884
PUNJAB,2017,15398,69.95,181678.0,48.6,27743338.0,37.48,551.0,55.50161267544662
PUNJAB,2018,14980,69.95,181678.0,48.6,27743338.0,37.48,551.0,53.99494466022798
PUNJAB,2019,10289,69.95,181678.0,48.6,27743338.0,37.48,551.0,37.08638088178142
PUNJAB,2020,8435,69.95,181678.0,48.6,27743338.0,37.48,551.0,30.403695474567623
PUNJAB,2021,23389,69.95,181678.0,48.6,27743338.0,37.48,551.0,84.30492394246143
PUNJAB,2022,11030,69.95,181678.0,48.6,27743338.0,37.48,551.0,39.75729236330538
PUNJAB,2023,13687,69.95,181678.0,48.6,27743338.0,37.48,551.0,49.334366326070786
PUNJAB,2024,6260,69.95,181678.0,48.6,27743338.0,37.48,551.0,22.56397553892037
RAJASTHAN,2015,4043,41.33,150653.0,35.4,68548437.0,24.87,201.0,5.898019235653761
RAJASTHAN,2016,5292,41.33,150653.0,35.4,68548437.0,24.87,201.0,7.7200884974226325
RAJASTHAN,2017,8427,41.33,150653.0,35.4,68548437.0,24.87,201.0,12.293496932687175
RAJASTHAN,2018,9587,41.33,150653.0,35.4,68548437.0,24.87,201.0,13.985730994858423
RAJASTHAN,2019,13706,41.33,150653.0,35.4,68548437.0,24.87,201.0,19.99462073803375
RAJASTHAN,2020,2023,41.33,150653.0,35.4,68548437.0,24.87,201.0,2.951197851527964
RAJASTHAN,2021,20749,41.33,150653.0,35.4,68548437.0,24.87,201.0,30.269107375854535
RAJASTHAN,2022,13491,41.33,150653.0,35.4,68548437.0,24.87,201.0,19.680973907545113
RAJASTHAN,2023,13924,41.33,150653.0,35.4,68548437.0,24.87,201.0,20.312644035924553
RAJASTHAN,2024,12514,41.33,150653.0,35.4,68548437.0,24.87,201.0,18.25570435690605
SIKKIM,2015,21,33.91,520466.0,33.3,610577.0,25.15,86.0,3.4393696454337457
SIKKIM,2016,82,33.91,520466.0,33.3,610577.0,25.15,86.0,13.42991956788415
SIKKIM,2017,312,33.91,520466.0,33.3,610577.0,25.15,86.0,51.099206160729935
SIKKIM,2018,320,33.91,520466.0,33.3,610577.0,25.15,86.0,52.409442216133264
SIKKIM,2019,444,33.91,520466.0,33.3,610577.0,25.15,86.0,72.71810107488491
SIKKIM,2020,11,33.91,520466.0,33.3,610577.0,25.15,86.0,1.801574576179581
SIKKIM,2021,243,33.91,520466.0,33.3,610577.0,25.15,86.0,39.7984201828762
SIKKIM,2022,264,33.91,520466.0,33.3,610577.0,25.15,86.0,43.23778982830994
SIKKIM,2023,311,33.91,520466.0,33.3,610577.0,25.15,86.0,50.93542665380452
SIKKIM,2024,374,33.91,520466.0,33.3,610577.0,25.15,86.0,61.253535590105756
TAMIL NADU,2015,4535,69.14,277802.0,43.4,72147030.0,48.4,555.0,6.2857750346757175
TAMIL NADU,2016,2531,69.14,277802.0,43.4,72147030.0,48.4,555.0,3.5081139168168116
TAMIL NADU,2017,23294,69.14,277802.0,43.4,72147030.0,48.4,555.0,32.286845349004665
TAMIL NADU,2018,4486,69.14,277802.0,43.4,72147030.0,48.4,555.0,6.217858171015495
TAMIL NADU,2019,8527,69.14,277802.0,43.4,72147030.0,48.4,555.0,11.818920335320803
TAMIL NADU,2020,2410,69.14,277802.0,43.4,72147030.0,48.4,555.0,3.340400845329323
TAMIL NADU,2021,6039,69.14,277802.0,43.4,72147030.0,48.4,555.0,8.370406931511942
TAMIL NADU,2022,6430,69.14,277802.0,43.4,72147030.0,48.4,555.0,8.912355782351678
TAMIL NADU,2023,9121,69.14,277802.0,43.4,72147030.0,48.4,555.0,12.642239049895748
TAMIL NADU,2024,27378,69.14,277802.0,43.4,72147030.0,48.4,555.0,37.94750802631793
TELANGANA,2015,1831,47.55,312522.0,41.9,35003674.0,38.88,312.0,5.230879478537024
TELANGANA,2016,4037,47.55,312522.0,41.9,35003674.0,38.88,312.0,11.533075070919699
TELANGANA,2017,5369,47.55,312522.0,41.9,35003674.0,38.88,312.0,15.338389907299446
TELANGANA,2018,4592,47.55,312522.0,41.9,35003674.0,38.88,312.0,13.118622919411258
TELANGANA,2019,13331,47.55,312522.0,41.9,35003674.0,38.88,312.0,38.084573636470274
TELANGANA,2020,2173,47.55,312522.0,41.9,35003674.0,38.88,312.0,6.207919774364257
TELANGANA,2021,7135,47.55,312522.0,41.9,35003674.0,38.88,312.0,20.38357459276989
TELANGANA,2022,8972,47.55,312522.0,41.9,35003674.0,38.88,312.0,25.631595129128446
TELANGANA,2023,8016,47.55,312522.0,41.9,35003674.0,38.88,312.0,22.900453249564602
TELANGANA,2024,10077,47.55,312522.0,41.9,35003674.0,38.88,312.0,28.788406611260292
TRIPURA,2015,40,27.0,157364.0,45.0,3673917.0,26.17,350.0,1.0887562239430013
TRIPURA,2016,102,27.0,157364.0,45.0,3673917.0,26.17,350.0,2.7763283710546536
TRIPURA,2017,127,27.0,157364.0,45.0,3673917.0,26.17,350.0,3.4568010110190293
TRIPURA,2018,100,27.0,157364.0,45.0,3673917.0,26.17,350.0,2.7218905598575036
TRIPURA,2019,114,27.0,157364.0,45.0,3673917.0,26.17,350.0,3.102955238237554
TRIPURA,2020,24,27.0,157364.0,45.0,3673917.0,26.17,350.0,0.6532537343658008
TRIPURA,2021,349,27.0,157364.0,45.0,3673917.0,26.17,350.0,9.499398053902688
TRIPURA,2022,56,27.0,157364.0,45.0,3673917.0,26.17,350.0,1.524258713520202
TRIPURA,2023,1447,27.0,157364.0,45.0,3673917.0,26.17,350.0,39.385756401138075
TRIPURA,2024,1198,27.0,157364.0,45.0,3673917.0,26.17,350.0,32.60824890709289
UTTAR PRADESH,2015,2892,50.7,96193.0,41.0,199812341.0,22.27,828.0,1.447358048820418
UTTAR PRADESH,2016,15033,50.7,96193.0,41.0,199812341.0,22.27,828.0,7.523559318090368
UTTAR PRADESH,2017,3092,50.7,96193.0,41.0,199812341.0,22.27,828.0,1.5474519664428537
UTTAR PRADESH,2018,3829,50.7,96193.0,41.0,199812341.0,22.27,828.0,1.9162980528815285
UTTAR PRADESH,2019,10557,50.7,96193.0,41.0,199812341.0,22.27,828.0,5.283457441700261
UTTAR PRADESH,2020,3715,50.7,96193.0,41.0,199812341.0,22.27,828.0,1.8592445198367402
UTTAR PRADESH,2021,29750,50.7,96193.0,41.0,199812341.0,22.27,828.0,14.888970246337287
UTTAR PRADESH,2022,19821,50.7,96193.0,41.0,199812341.0,22.27,828.0,9.919807705971476
UTTAR PRADESH,2023,35402,50.7,96193.0,41.0,199812341.0,22.27,828.0,17.717624358347315
UTTAR PRADESH,2024,15868,50.7,96193.0,41.0,199812341.0,22.27,828.0,7.941451424164036
UTTARAKHAND,2015,1655,30.57,230994.0,46.5,10086292.0,30.23,189.0,16.40840856084674
UTTARAKHAND,2016,2146,30.57,230994.0,46.5,10086292.0,30.23,189.0,21.276401674668946
UTTARAKHAND,2017,849,30.57,230994.0,46.5,10086292.0,30.23,189.0,8.417364875020473
UTTARAKHAND,2018,689,30.57,230994.0,46.5,10086292.0,30.23,189.0,6.831053473367616
UTTARAKHAND,2019,10622,30.57,230994.0,46.5,10086292.0,30.23,189.0,105.31124817722905
UTTARAKHAND,2020,76,30.57,230994.0,46.5,10086292.0,30.23,189.0,0.7534979157851072
UTTARAKHAND,2021,738,30.57,230994.0,46.5,10086292.0,30.23,189.0,7.316861340123803
UTTARAKHAND,2022,2337,30.57,230994.0,46.5,10086292.0,30.23,189.0,23.170060910392046
UTTARAKHAND,2023,4320,30.57,230994.0,46.5,10086292.0,30.23,189.0,42.83040784462714
UTTARAKHAND,2024,494,30.57,230994.0,46.5,10086292.0,30.23,189.0,4.897736452603197
