state,year,cases,ncvbdc_cases,difference,pct_difference
ANDHRA PRADESH,2021,4760,4760.0,0.0,0.0
ARUNACHAL PRADESH,2021,7,7.0,0.0,0.0
ASSAM,2021,103,103.0,0.0,0.0
BIHAR,2021,633,633.0,0.0,0.0
CHANDIGARH,2021,1596,1596.0,0.0,0.0
CHHATTISGARH,2021,1086,1086.0,0.0,0.0
DADRA AND NAGAR HAVELI,2021,547,547.0,0.0,0.0
DAMAN AND DIU,2021,279,279.0,0.0,0.0
DELHI,2021,13089,13089.0,0.0,0.0
GOA,2021,649,649.0,0.0,0.0
GUJARAT,2021,10983,10983.0,0.0,0.0
HARYANA,2021,11835,11835.0,0.0,0.0
HIMACHAL PRADESH,2021,349,349.0,0.0,0.0
JAMMU AND KASHMIR,2021,1709,1709.0,0.0,0.0
JHARKHAND,2021,220,220.0,0.0,0.0
KARNATAKA,2021,7393,7393.0,0.0,0.0
KERALA,2021,3251,3251.0,0.0,0.0
LAKSHADWEEP,2021,1,1.0,0.0,0.0
MADHYA PRADESH,2021,15592,15592.0,0.0,0.0
MAHARASHTRA,2021,12720,12720.0,0.0,0.0
MANIPUR,2021,203,203.0,0.0,0.0
MEGHALAYA,2021,129,129.0,0.0,0.0
MIZORAM,2021,83,83.0,0.0,0.0
NAGALAND,2021,24,24.0,0.0,0.0
ODISHA,2021,7548,7548.0,0.0,0.0
PUNJAB,2021,23389,23389.0,0.0,0.0
RAJASTHAN,2021,20749,20749.0,0.0,0.0
SIKKIM,2021,243,243.0,0.0,0.0
TAMIL NADU,2021,6039,6039.0,0.0,0.0
TELANGANA,2021,7135,7135.0,0.0,0.0
TRIPURA,2021,349,349.0,0.0,0.0
UTTAR PRADESH,2021,29750,29750.0,0.0,0.0
UTTARAKHAND,2021,738,738.0,0.0,0.0
ANDHRA PRADESH,2022,6391,6391.0,0.0,0.0
CHANDIGARH,2022,910,910.0,0.0,0.0
DADRA AND NAGAR HAVELI,2022,685,685.0,0.0,0.0
DAMAN AND DIU,2022,228,228.0,0.0,0.0
DELHI,2022,10183,10183.0,0.0,0.0
HIMACHAL PRADESH,2022,3326,3326.0,0.0,0.0
JAMMU AND KASHMIR,2022,8269,8269.0,0.0,0.0
JHARKHAND,2022,290,290.0,0.0,0.0
KARNATAKA,2022,9889,9889.0,0.0,0.0
KERALA,2022,4432,4432.0,0.0,0.0
LAKSHADWEEP,2022,67,67.0,0.0,0.0
MADHYA PRADESH,2022,3318,3318.0,0.0,0.0
MAHARASHTRA,2022,8578,8578.0,0.0,0.0
MANIPUR,2022,503,503.0,0.0,0.0
MEGHALAYA,2022,26,26.0,0.0,0.0
MIZORAM,2022,1868,1868.0,0.0,0.0
NAGALAND,2022,154,154.0,0.0,0.0
ODISHA,2022,7063,7063.0,0.0,0.0
PUNJAB,2022,11030,11030.0,0.0,0.0
RAJASTHAN,2022,13491,13491.0,0.0,0.0
SIKKIM,2022,264,264.0,0.0,0.0
TAMIL NADU,2022,6430,6430.0,0.0,0.0
TELANGANA,2022,8972,8972.0,0.0,0.0
TRIPURA,2022,56,56.0,0.0,0.0
UTTARAKHAND,2022,2337,2337.0,0.0,0.0
ANDHRA PRADESH,2023,6453,6453.0,0.0,0.0
ARUNACHAL PRADESH,2023,130,130.0,0.0,0.0
ASSAM,2023,8208,8208.0,0.0,0.0
BIHAR,2023,20224,20224.0,0.0,0.0
CHANDIGARH,2023,454,454.0,0.0,0.0
CHHATTISGARH,2023,2412,2412.0,0.0,0.0
DADRA AND NAGAR HAVELI,2023,1178,1178.0,0.0,0.0
DAMAN AND DIU,2023,284,284.0,0.0,0.0
DELHI,2023,16866,16866.0,0.0,0.0
GOA,2023,512,512.0,0.0,0.0
GUJARAT,2023,7222,7222.0,0.0,0.0
HARYANA,2023,8081,8081.0,0.0,0.0
HIMACHAL PRADESH,2023,1989,1989.0,0.0,0.0
JAMMU AND KASHMIR,2023,6403,6403.0,0.0,0.0
JHARKHAND,2023,2578,2578.0,0.0,0.0
KARNATAKA,2023,19300,19300.0,0.0,0.0
KERALA,2023,17426,17426.0,0.0,0.0
LAKSHADWEEP,2023,445,445.0,0.0,0.0
MADHYA PRADESH,2023,6979,6979.0,0.0,0.0
MAHARASHTRA,2023,19034,19034.0,0.0,0.0
MANIPUR,2023,2548,2548.0,0.0,0.0
MEGHALAYA,2023,114,114.0,0.0,0.0
MIZORAM,2023,2060,2060.0,0.0,0.0
NAGALAND,2023,4943,4943.0,0.0,0.0
ODISHA,2023,12845,12845.0,0.0,0.0
PUNJAB,2023,13687,13687.0,0.0,0.0
RAJASTHAN,2023,13924,13924.0,0.0,0.0
SIKKIM,2023,311,311.0,0.0,0.0
TAMIL NADU,2023,9121,9121.0,0.0,0.0
TELANGANA,2023,8016,8016.0,0.0,0.0
TRIPURA,2023,1447,1447.0,0.0,0.0
UTTAR PRADESH,2023,35402,35402.0,0.0,0.0
UTTARAKHAND,2023,4320,4320.0,0.0,0.0
ANDHRA PRADESH,2024,5555,5555.0,0.0,0.0
ARUNACHAL PRADESH,2024,20,20.0,0.0,0.0
ASSAM,2024,2271,2271.0,0.0,0.0
BIHAR,2024,10157,10157.0,0.0,0.0
CHANDIGARH,2024,349,349.0,0.0,0.0
CHHATTISGARH,2024,3523,3523.0,0.0,0.0
DADRA AND NAGAR HAVELI,2024,403,403.0,0.0,0.0
DAMAN AND DIU,2024,278,278.0,0.0,0.0
DELHI,2024,10585,10585.0,0.0,0.0
GOA,2024,567,567.0,0.0,0.0
GUJARAT,2024,7891,7891.0,0.0,0.0
HARYANA,2024,6469,6469.0,0.0,0.0
HIMACHAL PRADESH,2024,3359,3359.0,0.0,0.0
JAMMU AND KASHMIR,2024,6876,6876.0,0.0,0.0
JHARKHAND,2024,1528,1528.0,0.0,0.0
KARNATAKA,2024,32886,32886.0,0.0,0.0
KERALA,2024,20674,20674.0,0.0,0.0
LAKSHADWEEP,2024,513,513.0,0.0,0.0
MADHYA PRADESH,2024,10224,10224.0,0.0,0.0
MAHARASHTRA,2024,19385,19385.0,0.0,0.0
MANIPUR,2024,2463,2463.0,0.0,0.0
MEGHALAYA,2024,74,74.0,0.0,0.0
MIZORAM,2024,744,744.0,0.0,0.0
NAGALAND,2024,42,42.0,0.0,0.0
ODISHA,2024,9892,9892.0,0.0,0.0
PUNJAB,2024,6260,6260.0,0.0,0.0
RAJASTHAN,2024,12514,12514.0,0.0,0.0
SIKKIM,2024,374,374.0,0.0,0.0
TAMIL NADU,2024,27378,27378.0,0.0,0.0
TELANGANA,2024,10077,10077.0,0.0,0.0
TRIPURA,2024,1198,1198.0,0.0,0.0
UTTAR PRADESH,2024,15868,15868.0,0.0,0.0
UTTARAKHAND,2024,494,494.0,0.0,0.0
